Virus,Host genome,Host taxonomy,Main method,Confidence score,Additional methods
663_k79_114346_flag=0_multi=12.9938_len=78077,3300014964_39,d__Bacteria;p__Firmicutes_A;c__Clostridia_A;o__Christensenellales;f__Borkfalkiaceae;g__UBA11940;s__,blast,91.60,iPHoP-RF;54.60
663_k79_122520_flag=0_multi=19.0000_len=63707,RS_GCF_000403315.2,d__Bacteria;p__Firmicutes_A;c__Clostridia;o__Lachnospirales;f__Lachnospiraceae;g__14-2;s__14-2 sp000403315,blast,92.10,iPHoP-RF;70.90
663_k79_175313_flag=1_multi=16.2912_len=32226,GB_GCA_009774625.1,d__Bacteria;p__Firmicutes_A;c__Clostridia;o__Lachnospirales;f__Lachnospiraceae;g__VSOB01;s__VSOB01 sp009774625,blast,93.90,iPHoP-RF;66.30
663_k79_175313_flag=1_multi=16.2912_len=32226,RS_GCF_009917485.1,d__Bacteria;p__Firmicutes_A;c__Clostridia;o__Lachnospirales;f__Lachnospiraceae;g__CAG-95;s__CAG-95 sp009917485,blast,92.10,iPHoP-RF;75.00
663_k79_187656_flag=1_multi=9.9224_len=29911,GB_GCA_002490995.1,d__Bacteria;p__Firmicutes_A;c__Clostridia;o__Lachnospirales;f__Lachnospiraceae;g__Acetatifactor;s__Acetatifactor sp002490995,blast,92.00,iPHoP-RF;67.00
663_k79_199909_flag=1_multi=17.5658_len=22766,RS_GCF_003024925.1,d__Bacteria;p__Bacteroidota;c__Bacteroidia;o__Bacteroidales;f__Muribaculaceae;g__Paramuribaculum;s__Paramuribaculum intestinale,blast,91.60,iPHoP-RF;68.20 CRISPR;56.50
663_k79_199909_flag=1_multi=17.5658_len=22766,GB_GCA_001689535.1,d__Bacteria;p__Bacteroidota;c__Bacteroidia;o__Bacteroidales;f__Muribaculaceae;g__Paramuribaculum;s__Paramuribaculum sp001689535,blast,90.00,iPHoP-RF;87.90
663_k79_200313_flag=0_multi=10.1236_len=57151,GB_GCA_013316135.1,d__Bacteria;p__Firmicutes_A;c__Clostridia_A;o__Christensenellales;f__UBA3700;g__RACS-045;s__RACS-045 sp013316135,blast,93.90,iPHoP-RF;81.90
663_k79_216245_flag=0_multi=18.9539_len=32063,GB_GCA_003513705.1,d__Bacteria;p__Firmicutes_A;c__Clostridia;o__Lachnospirales;f__Lachnospiraceae;g__COE1;s__COE1 sp003513705,blast,93.20,iPHoP-RF;84.80
663_k79_216245_flag=0_multi=18.9539_len=32063,RS_GCF_000403215.1,d__Bacteria;p__Firmicutes_A;c__Clostridia;o__Lachnospirales;f__Lachnospiraceae;g__COE1;s__COE1 sp000403215,blast,91.80,iPHoP-RF;80.00
663_k79_216245_flag=0_multi=18.9539_len=32063,GB_GCA_002358575.1,d__Bacteria;p__Firmicutes_A;c__Clostridia;o__Lachnospirales;f__Lachnospiraceae;g__COE1;s__COE1 sp002358575,blast,91.70,iPHoP-RF;68.20
663_k79_226875_flag=0_multi=12.0058_len=46587,RS_GCF_009911595.1,d__Bacteria;p__Firmicutes_A;c__Clostridia;o__Oscillospirales;f__Oscillospiraceae;g__Lawsonibacter;s__Lawsonibacter sp009911595,blast,93.90,iPHoP-RF;81.40
663_k79_239212_flag=0_multi=37.4591_len=51402,RS_GCF_000403315.2,d__Bacteria;p__Firmicutes_A;c__Clostridia;o__Lachnospirales;f__Lachnospiraceae;g__14-2;s__14-2 sp000403315,blast,92.00,iPHoP-RF;65.60
663_k79_243021_flag=0_multi=10.9934_len=65024,RS_GCF_004803915.1,d__Bacteria;p__Bacteroidota;c__Bacteroidia;o__Bacteroidales;f__Muribaculaceae;g__Duncaniella;s__Duncaniella dubosii,blast,92.30,None
663_k79_252428_flag=0_multi=11.4700_len=32986,RS_GCF_009911355.1,d__Bacteria;p__Firmicutes_A;c__Clostridia;o__Oscillospirales;f__Butyricicoccaceae;g__QXXE01;s__QXXE01 sp009911355,blast,92.60,iPHoP-RF;60.30
663_k79_252428_flag=0_multi=11.4700_len=32986,RS_GCF_009917615.1,d__Bacteria;p__Firmicutes_A;c__Clostridia;o__Oscillospirales;f__Oscillospiraceae;g__Lawsonibacter;s__Lawsonibacter sp009917615,blast,91.00,None
663_k79_275004_flag=0_multi=10.8552_len=71874_fragment_1,3300015207_7,d__Bacteria;p__Firmicutes_A;c__Clostridia;o__Lachnospirales;f__Lachnospiraceae;g__UBA3282;s__,iPHoP-RF,94.10,blast;90.10
663_k79_275004_flag=0_multi=10.8552_len=71874_fragment_1,GB_GCA_009774215.1,d__Bacteria;p__Firmicutes_A;c__Clostridia;o__Lachnospirales;f__Lachnospiraceae;g__UBA3282;s__UBA3282 sp009774215,blast,93.50,iPHoP-RF;92.40
663_k79_275004_flag=0_multi=10.8552_len=71874_fragment_1,GB_GCA_009774655.1,d__Bacteria;p__Firmicutes_A;c__Clostridia;o__Lachnospirales;f__Lachnospiraceae;g__UBA3282;s__UBA3282 sp009774655,blast,92.00,iPHoP-RF;90.80
663_k79_343075_flag=0_multi=13.9923_len=101675_fragment_1,RS_GCF_000364225.1,d__Bacteria;p__Firmicutes_A;c__Clostridia;o__Lachnospirales;f__Lachnospiraceae;g__Eubacterium_J;s__Eubacterium_J plexicaudatum,blast,93.80,iPHoP-RF;63.50
663_k79_35517_flag=0_multi=16.0654_len=31803,RS_GCF_009911595.1,d__Bacteria;p__Firmicutes_A;c__Clostridia;o__Oscillospirales;f__Oscillospiraceae;g__Lawsonibacter;s__Lawsonibacter sp009911595,blast,93.90,iPHoP-RF;89.20
663_k79_35517_flag=0_multi=16.0654_len=31803,RS_GCF_003612335.1,d__Bacteria;p__Firmicutes_A;c__Clostridia;o__Oscillospirales;f__Oscillospiraceae;g__Lawsonibacter;s__Lawsonibacter sp003612335,iPHoP-RF,90.50,blast;89.70
663_k79_383130_flag=1_multi=7.0000_len=16600,3300005460_61,d__Bacteria;p__Firmicutes_A;c__Clostridia_A;o__Christensenellales;f__CAG-552;g__;s__,blast,92.70,iPHoP-RF;71.30
663_k79_55555_flag=1_multi=15.9141_len=141904,RS_GCF_009917615.1,d__Bacteria;p__Firmicutes_A;c__Clostridia;o__Oscillospirales;f__Oscillospiraceae;g__Lawsonibacter;s__Lawsonibacter sp009917615,blast,93.90,iPHoP-RF;63.50
663_k79_55555_flag=1_multi=15.9141_len=141904,RS_GCF_000492175.1,d__Bacteria;p__Firmicutes_A;c__Clostridia;o__Oscillospirales;f__Oscillospiraceae;g__Lawsonibacter;s__Lawsonibacter sp000492175,blast,91.80,iPHoP-RF;57.10
663_k79_60934_flag=0_multi=8.2803_len=37144,RS_GCF_000312145.1,d__Bacteria;p__Bacteroidota;c__Bacteroidia;o__Bacteroidales;f__Rikenellaceae;g__Alistipes;s__Alistipes senegalensis,blast,91.90,iPHoP-RF;87.30
663_k79_60934_flag=0_multi=8.2803_len=37144,RS_GCF_000154465.1,d__Bacteria;p__Bacteroidota;c__Bacteroidia;o__Bacteroidales;f__Rikenellaceae;g__Alistipes;s__Alistipes putredinis,blast,91.70,iPHoP-RF;51.70
663_k79_60934_flag=0_multi=8.2803_len=37144,GB_GCA_002428825.1,d__Bacteria;p__Bacteroidota;c__Bacteroidia;o__Bacteroidales;f__Rikenellaceae;g__Alistipes;s__Alistipes sp002428825,blast,90.70,iPHoP-RF;78.30
663_k79_60934_flag=0_multi=8.2803_len=37144,GB_GCA_003979135.1,d__Bacteria;p__Bacteroidota;c__Bacteroidia;o__Bacteroidales;f__Rikenellaceae;g__Alistipes;s__Alistipes sp003979135,blast,90.10,iPHoP-RF;86.30
663_k79_60934_flag=0_multi=8.2803_len=37144,RS_GCF_000265365.1,d__Bacteria;p__Bacteroidota;c__Bacteroidia;o__Bacteroidales;f__Rikenellaceae;g__Alistipes;s__Alistipes finegoldii,blast,90.10,iPHoP-RF;60.30
663_k79_60934_flag=0_multi=8.2803_len=37144,GB_GCA_009774895.1,d__Bacteria;p__Bacteroidota;c__Bacteroidia;o__Bacteroidales;f__Rikenellaceae;g__Alistipes;s__Alistipes sp009774895,blast,90.00,iPHoP-RF;79.80
665_k141_100968_flag=0_multi=30.9868_len=99834,RS_GCF_003024805.1,d__Bacteria;p__Bacteroidota;c__Bacteroidia;o__Bacteroidales;f__Muribaculaceae;g__Duncaniella;s__Duncaniella muris,blast,92.40,iPHoP-RF;66.80
665_k141_100968_flag=0_multi=30.9868_len=99834,GB_GCA_900544535.1,d__Bacteria;p__Bacteroidota;c__Bacteroidia;o__Bacteroidales;f__Muribaculaceae;g__Duncaniella;s__Duncaniella sp900544535,blast,90.30,iPHoP-RF;77.10
665_k141_105247_flag=1_multi=17.0000_len=20708,RS_GCF_000020225.1,d__Bacteria;p__Verrucomicrobiota;c__Verrucomicrobiae;o__Verrucomicrobiales;f__Akkermansiaceae;g__Akkermansia;s__Akkermansia muciniphila,blast,96.80,CRISPR;73.30
665_k141_105247_flag=1_multi=17.0000_len=20708,RS_GCF_900184965.1,d__Bacteria;p__Verrucomicrobiota;c__Verrucomicrobiae;o__Verrucomicrobiales;f__Akkermansiaceae;g__Akkermansia;s__Akkermansia muciniphila_A,blast,95.80,CRISPR;95.10 iPHoP-RF;50.90
665_k141_105247_flag=1_multi=17.0000_len=20708,RS_GCF_001580195.1,d__Bacteria;p__Verrucomicrobiota;c__Verrucomicrobiae;o__Verrucomicrobiales;f__Akkermansiaceae;g__Akkermansia;s__Akkermansia sp001580195,blast,92.90,None
665_k141_105247_flag=1_multi=17.0000_len=20708,RS_GCF_004167605.1,d__Bacteria;p__Verrucomicrobiota;c__Verrucomicrobiae;o__Verrucomicrobiales;f__Akkermansiaceae;g__Akkermansia;s__Akkermansia sp004167605,blast,90.80,None
665_k141_119009_flag=0_multi=21.8212_len=80104_fragment_1,RS_GCF_003612335.1,d__Bacteria;p__Firmicutes_A;c__Clostridia;o__Oscillospirales;f__Oscillospiraceae;g__Lawsonibacter;s__Lawsonibacter sp003612335,blast,92.10,iPHoP-RF;75.90
665_k141_124302_flag=1_multi=26.8845_len=74221,GB_GCA_900317425.1,d__Bacteria;p__Firmicutes_A;c__Clostridia;o__Oscillospirales;f__Oscillospiraceae;g__CAG-83;s__CAG-83 sp900317425,blast,90.70,iPHoP-RF;59.50
665_k141_124302_flag=1_multi=26.8845_len=74221,RS_GCF_003612335.1,d__Bacteria;p__Firmicutes_A;c__Clostridia;o__Oscillospirales;f__Oscillospiraceae;g__Lawsonibacter;s__Lawsonibacter sp003612335,blast,90.30,iPHoP-RF;73.50
665_k141_130238_flag=1_multi=10.0000_len=7225,RS_GCF_004154955.1,d__Bacteria;p__Firmicutes_A;c__Clostridia;o__Oscillospirales;f__Oscillospiraceae;g__Intestinimonas;s__Intestinimonas butyriciproducens,blast,92.00,iPHoP-RF;69.80
665_k141_130238_flag=1_multi=10.0000_len=7225,RS_GCF_005121165.1,d__Bacteria;p__Firmicutes_A;c__Clostridia;o__Oscillospirales;f__Oscillospiraceae;g__Dysosmobacter;s__Dysosmobacter welbionis,blast,90.60,iPHoP-RF;71.30
665_k141_130238_flag=1_multi=10.0000_len=7225,3300010278_23,d__Bacteria;p__Firmicutes_A;c__Clostridia;o__Oscillospirales;f__Oscillospiraceae;g__Dysosmobacter;s__,blast,90.50,iPHoP-RF;70.60
665_k141_130238_flag=1_multi=10.0000_len=7225,GB_GCA_900549565.1,d__Bacteria;p__Firmicutes_A;c__Clostridia;o__Oscillospirales;f__Oscillospiraceae;g__UMGS1202;s__UMGS1202 sp900549565,blast,90.30,iPHoP-RF;67.50
665_k141_137399_flag=1_multi=9.0000_len=23162,RS_GCF_009935845.1,d__Bacteria;p__Firmicutes_A;c__Clostridia;o__Oscillospirales;f__Oscillospiraceae;g__An92;s__An92 sp009935845,blast,93.60,iPHoP-RF;70.40
665_k141_137399_flag=1_multi=9.0000_len=23162,RS_GCF_003612335.1,d__Bacteria;p__Firmicutes_A;c__Clostridia;o__Oscillospirales;f__Oscillospiraceae;g__Lawsonibacter;s__Lawsonibacter sp003612335,blast,91.00,iPHoP-RF;76.80
665_k141_149725_flag=0_multi=35.4341_len=7716,3300015207_7,d__Bacteria;p__Firmicutes_A;c__Clostridia;o__Lachnospirales;f__Lachnospiraceae;g__UBA3282;s__,blast,91.10,iPHoP-RF;68.90
665_k141_165264_flag=0_multi=16.9527_len=24172,GB_GCA_009775375.1,d__Bacteria;p__Bacteroidota;c__Bacteroidia;o__Bacteroidales;f__Muribaculaceae;g__CAG-485;s__CAG-485 sp009775375,blast,92.70,iPHoP-RF;60.60
665_k141_165264_flag=0_multi=16.9527_len=24172,RS_GCF_003762615.1,d__Bacteria;p__Bacteroidota;c__Bacteroidia;o__Bacteroidales;f__Muribaculaceae;g__CAG-485;s__CAG-485 sp002493045,blast,92.10,None
665_k141_175228_flag=1_multi=33.0000_len=40908,GB_GCA_009774535.1,d__Bacteria;p__Firmicutes_A;c__Clostridia;o__Lachnospirales;f__Lachnospiraceae;g__Eubacterium_J;s__Eubacterium_J sp009774535,blast,93.30,iPHoP-RF;67.00
665_k141_175228_flag=1_multi=33.0000_len=40908,RS_GCF_000403845.2,d__Bacteria;p__Firmicutes_A;c__Clostridia;o__Lachnospirales;f__Lachnospiraceae;g__14-2;s__14-2 sp000403845,blast,90.30,None
665_k141_178532_flag=1_multi=42.9868_len=137147_fragment_1,RS_GCF_003833075.1,d__Bacteria;p__Bacteroidota;c__Bacteroidia;o__Bacteroidales;f__Muribaculaceae;g__CAG-485;s__CAG-485 sp002362485,blast,92.50,None
665_k141_193838_flag=0_multi=13.9906_len=30553,RS_GCF_009911355.1,d__Bacteria;p__Firmicutes_A;c__Clostridia;o__Oscillospirales;f__Butyricicoccaceae;g__QXXE01;s__QXXE01 sp009911355,blast,93.90,iPHoP-RF;78.70
665_k141_195224_flag=0_multi=12.8211_len=9964,RS_GCF_003612335.1,d__Bacteria;p__Firmicutes_A;c__Clostridia;o__Oscillospirales;f__Oscillospiraceae;g__Lawsonibacter;s__Lawsonibacter sp003612335,blast,91.70,iPHoP-RF;70.00
665_k141_195224_flag=0_multi=12.8211_len=9964,RS_GCF_009911595.1,d__Bacteria;p__Firmicutes_A;c__Clostridia;o__Oscillospirales;f__Oscillospiraceae;g__Lawsonibacter;s__Lawsonibacter sp009911595,blast,90.90,iPHoP-RF;50.70
665_k141_195224_flag=0_multi=12.8211_len=9964,RS_GCF_000492175.1,d__Bacteria;p__Firmicutes_A;c__Clostridia;o__Oscillospirales;f__Oscillospiraceae;g__Lawsonibacter;s__Lawsonibacter sp000492175,blast,90.00,iPHoP-RF;71.70
665_k141_199726_flag=0_multi=17.8577_len=72490_fragment_1,GB_GCA_013316435.1,d__Bacteria;p__Patescibacteria;c__Saccharimonadia;o__Saccharimonadales;f__Saccharimonadaceae;g__UBA2866;s__UBA2866 sp013316435,blast,94.40,iPHoP-RF;76.80
665_k141_20044_flag=1_multi=12.0000_len=9182,GB_GCA_009774015.1,d__Bacteria;p__Firmicutes_A;c__Clostridia;o__Oscillospirales;f__Oscillospiraceae;g__Dysosmobacter;s__Dysosmobacter sp009774015,blast,93.50,iPHoP-RF;72.60
665_k141_209339_flag=1_multi=32.3384_len=44486,RS_GCF_001591685.1,d__Bacteria;p__Firmicutes;c__Bacilli;o__Lactobacillales;f__Lactobacillaceae;g__Ligilactobacillus;s__Ligilactobacillus murinus,blast,93.90,iPHoP-RF;78.00
665_k141_209339_flag=1_multi=32.3384_len=44486,RS_GCF_001434405.1,d__Bacteria;p__Firmicutes;c__Bacilli;o__Lactobacillales;f__Lactobacillaceae;g__Ligilactobacillus;s__Ligilactobacillus apodemi,blast,93.80,iPHoP-RF;79.80
665_k141_21708_flag=1_multi=112.0370_len=91551_fragment_1,GB_GCA_002490665.1,d__Bacteria;p__Firmicutes_A;c__Clostridia;o__Lachnospirales;f__Lachnospiraceae;g__COE1;s__COE1 sp002490665,blast,93.20,iPHoP-RF;81.60
665_k141_21708_flag=1_multi=112.0370_len=91551_fragment_1,GB_GCA_002492295.1,d__Bacteria;p__Firmicutes_A;c__Clostridia;o__Lachnospirales;f__Lachnospiraceae;g__COE1;s__COE1 sp002492295,blast,90.90,iPHoP-RF;54.60
665_k141_21708_flag=1_multi=112.0370_len=91551_fragment_1,GB_GCA_009774345.1,d__Bacteria;p__Firmicutes_A;c__Clostridia;o__Lachnospirales;f__Lachnospiraceae;g__COE1;s__COE1 sp009774345,blast,90.70,iPHoP-RF;53.30
665_k141_217868_flag=0_multi=27.6599_len=29041,RS_GCF_003833075.1,d__Bacteria;p__Bacteroidota;c__Bacteroidia;o__Bacteroidales;f__Muribaculaceae;g__CAG-485;s__CAG-485 sp002362485,blast,95.80,iPHoP-RF;81.60
665_k141_217868_flag=0_multi=27.6599_len=29041,RS_GCF_003762615.1,d__Bacteria;p__Bacteroidota;c__Bacteroidia;o__Bacteroidales;f__Muribaculaceae;g__CAG-485;s__CAG-485 sp002493045,iPHoP-RF,90.80,None
665_k141_219061_flag=3_multi=40.0039_len=10323,RS_GCF_002157465.1,d__Bacteria;p__Firmicutes_A;c__Clostridia;o__Oscillospirales;f__Butyricicoccaceae;g__Butyricicoccus_A;s__Butyricicoccus_A porcorum,blast,91.30,None
665_k141_34878_flag=1_multi=23.9721_len=33063,RS_GCF_014287955.1,d__Bacteria;p__Firmicutes_A;c__Clostridia;o__Lachnospirales;f__Lachnospiraceae;g__Lachnospira;s__Lachnospira sp900316325,CRISPR,96.90,None
665_k141_34878_flag=1_multi=23.9721_len=33063,GB_GCA_900112995.1,d__Bacteria;p__Firmicutes_A;c__Clostridia;o__Lachnospirales;f__Lachnospiraceae;g__Lachnospira;s__Lachnospira rogosae_A,CRISPR,93.30,None
665_k141_34878_flag=1_multi=23.9721_len=33063,GB_GCA_009774235.1,d__Bacteria;p__Firmicutes_A;c__Clostridia;o__Lachnospirales;f__Lachnospiraceae;g__TF01-11;s__TF01-11 sp009774235,blast,91.90,None
665_k141_34878_flag=1_multi=23.9721_len=33063,RS_GCF_011960065.1,d__Bacteria;p__Firmicutes_A;c__Clostridia;o__Lachnospirales;f__Lachnospiraceae;g__14-2;s__14-2 sp011960065,blast,90.50,iPHoP-RF;53.00
665_k141_35799_flag=1_multi=18.9885_len=50200_fragment_1,GB_GCA_009774395.1,d__Bacteria;p__Firmicutes_A;c__Clostridia;o__Lachnospirales;f__Lachnospiraceae;g__COE1;s__COE1 sp009774395,blast,94.60,iPHoP-RF;68.40
665_k141_3888_flag=1_multi=14.9941_len=45584,RS_GCF_011959285.1,d__Bacteria;p__Firmicutes_A;c__Clostridia;o__Lachnospirales;f__Lachnospiraceae;g__CAG-95;s__CAG-95 sp011959285,blast,93.70,iPHoP-RF;71.70
665_k141_3888_flag=1_multi=14.9941_len=45584,GB_GCA_002490775.1,d__Bacteria;p__Firmicutes_A;c__Clostridia;o__Lachnospirales;f__Lachnospiraceae;g__CAG-95;s__CAG-95 sp002490775,iPHoP-RF,92.80,blast;90.50
665_k141_3888_flag=1_multi=14.9941_len=45584,GB_GCA_009774465.1,d__Bacteria;p__Firmicutes_A;c__Clostridia;o__Lachnospirales;f__Lachnospiraceae;g__CAG-95;s__CAG-95 sp009774465,blast,92.10,iPHoP-RF;76.40
665_k141_3888_flag=1_multi=14.9941_len=45584,RS_GCF_009911035.1,d__Bacteria;p__Firmicutes_A;c__Clostridia;o__Lachnospirales;f__Lachnospiraceae;g__CAG-95;s__CAG-95 sp009911035,blast,92.00,iPHoP-RF;65.60
665_k141_3888_flag=1_multi=14.9941_len=45584,GB_GCA_900554925.1,d__Bacteria;p__Firmicutes_A;c__Clostridia;o__Lachnospirales;f__Lachnospiraceae;g__CAG-95;s__CAG-95 sp900554925,blast,91.70,iPHoP-RF;87.90
665_k141_3888_flag=1_multi=14.9941_len=45584,GB_GCA_002492465.1,d__Bacteria;p__Firmicutes_A;c__Clostridia;o__Lachnospirales;f__Lachnospiraceae;g__CAG-95;s__CAG-95 sp002492465,blast,91.50,iPHoP-RF;84.80
665_k141_3888_flag=1_multi=14.9941_len=45584,RS_GCF_000403495.2,d__Bacteria;p__Firmicutes_A;c__Clostridia;o__Lachnospirales;f__Lachnospiraceae;g__CAG-95;s__CAG-95 sp000403495,blast,90.50,iPHoP-RF;78.30
665_k141_40631_flag=1_multi=37.3861_len=52416,RS_GCF_000364225.1,d__Bacteria;p__Firmicutes_A;c__Clostridia;o__Lachnospirales;f__Lachnospiraceae;g__Eubacterium_J;s__Eubacterium_J plexicaudatum,blast,93.80,iPHoP-RF;72.80
665_k141_40631_flag=1_multi=37.3861_len=52416,GB_GCA_009774535.1,d__Bacteria;p__Firmicutes_A;c__Clostridia;o__Lachnospirales;f__Lachnospiraceae;g__Eubacterium_J;s__Eubacterium_J sp009774535,blast,91.10,iPHoP-RF;75.20
665_k141_49099_flag=1_multi=13.9031_len=10072,RS_GCF_900186535.1,d__Bacteria;p__Firmicutes_A;c__Clostridia;o__Oscillospirales;f__Ruminococcaceae;g__Anaerotruncus;s__Anaerotruncus massiliensis_A,iPHoP-RF,92.10,None
665_k141_5179_flag=0_multi=15.0000_len=34285,GB_GCA_003542935.1,d__Bacteria;p__Firmicutes_A;c__Clostridia;o__Lachnospirales;f__Lachnospiraceae;g__UBA11957;s__UBA11957 sp003542935,blast,92.80,iPHoP-RF;76.10
665_k141_63824_flag=1_multi=18.0000_len=43693,RS_GCF_900248245.1,d__Bacteria;p__Firmicutes_A;c__Clostridia;o__Lachnospirales;f__Lachnospiraceae;g__Acetatifactor;s__Acetatifactor muris,blast,92.70,iPHoP-RF;54.40
665_k141_63824_flag=1_multi=18.0000_len=43693,RS_GCF_003612485.1,d__Bacteria;p__Firmicutes_A;c__Clostridia;o__Lachnospirales;f__Lachnospiraceae;g__Acetatifactor;s__Acetatifactor sp003612485,blast,92.10,None
665_k141_64663_flag=0_multi=23.9920_len=131975_fragment_3,RS_GCF_000374505.1,d__Bacteria;p__Bacteroidota;c__Bacteroidia;o__Bacteroidales;f__Rikenellaceae;g__Alistipes;s__Alistipes onderdonkii,blast,96.60,iPHoP-RF;80.80
665_k141_64663_flag=0_multi=23.9920_len=131975_fragment_3,RS_GCF_000265365.1,d__Bacteria;p__Bacteroidota;c__Bacteroidia;o__Bacteroidales;f__Rikenellaceae;g__Alistipes;s__Alistipes finegoldii,blast,94.10,iPHoP-RF;84.20
665_k141_64663_flag=0_multi=23.9920_len=131975_fragment_3,GB_GCA_002428825.1,d__Bacteria;p__Bacteroidota;c__Bacteroidia;o__Bacteroidales;f__Rikenellaceae;g__Alistipes;s__Alistipes sp002428825,blast,93.90,iPHoP-RF;78.70
665_k141_64663_flag=0_multi=23.9920_len=131975_fragment_3,RS_GCF_000154465.1,d__Bacteria;p__Bacteroidota;c__Bacteroidia;o__Bacteroidales;f__Rikenellaceae;g__Alistipes;s__Alistipes putredinis,blast,92.10,iPHoP-RF;68.20
665_k141_64663_flag=0_multi=23.9920_len=131975_fragment_3,GB_GCA_902388705.1,d__Bacteria;p__Bacteroidota;c__Bacteroidia;o__Bacteroidales;f__Rikenellaceae;g__Alistipes;s__Alistipes sp902388705,blast,90.70,iPHoP-RF;77.10
665_k141_64663_flag=0_multi=23.9920_len=131975_fragment_3,RS_GCF_000210575.1,d__Bacteria;p__Bacteroidota;c__Bacteroidia;o__Bacteroidales;f__Rikenellaceae;g__Alistipes;s__Alistipes shahii,blast,90.60,iPHoP-RF;80.80
665_k141_66721_flag=1_multi=11.9224_len=14885,RS_GCF_000492175.1,d__Bacteria;p__Firmicutes_A;c__Clostridia;o__Oscillospirales;f__Oscillospiraceae;g__Lawsonibacter;s__Lawsonibacter sp000492175,blast,92.00,iPHoP-RF;74.60
665_k141_66721_flag=1_multi=11.9224_len=14885,GB_GCA_900766145.1,d__Bacteria;p__Firmicutes_A;c__Clostridia;o__Oscillospirales;f__Oscillospiraceae;g__Lawsonibacter;s__Lawsonibacter sp900766145,blast,90.80,None
665_k141_67898_flag=0_multi=18.9937_len=62595_fragment_1,GB_GCA_900552655.1,d__Bacteria;p__Firmicutes_A;c__Clostridia;o__TANB77;f__CAG-508;g__CAG-354;s__CAG-354 sp900552655,blast,92.60,None
665_k141_67898_flag=0_multi=18.9937_len=62595_fragment_1,GB_GCA_900554365.1,d__Bacteria;p__Firmicutes_A;c__Clostridia;o__TANB77;f__CAG-508;g__CAG-269;s__CAG-269 sp900554365,blast,91.80,None
665_k141_78222_flag=1_multi=11.0000_len=31249,3300005460_56,d__Bacteria;p__Firmicutes_A;c__Clostridia_A;o__Christensenellales;f__;g__;s__,blast,91.10,iPHoP-RF;56.50
665_k141_78222_flag=1_multi=11.0000_len=31249,GB_GCA_013316135.1,d__Bacteria;p__Firmicutes_A;c__Clostridia_A;o__Christensenellales;f__UBA3700;g__RACS-045;s__RACS-045 sp013316135,blast,91.10,iPHoP-RF;68.90
665_k141_90909_flag=0_multi=21.9699_len=30826,RS_GCF_000020225.1,d__Bacteria;p__Verrucomicrobiota;c__Verrucomicrobiae;o__Verrucomicrobiales;f__Akkermansiaceae;g__Akkermansia;s__Akkermansia muciniphila,CRISPR,99.30,blast;96.90 iPHoP-RF;77.10
665_k141_90909_flag=0_multi=21.9699_len=30826,RS_GCF_900184965.1,d__Bacteria;p__Verrucomicrobiota;c__Verrucomicrobiae;o__Verrucomicrobiales;f__Akkermansiaceae;g__Akkermansia;s__Akkermansia muciniphila_A,CRISPR,98.90,blast;96.80 iPHoP-RF;77.80
665_k141_90909_flag=0_multi=21.9699_len=30826,RS_GCF_002885095.1,d__Bacteria;p__Verrucomicrobiota;c__Verrucomicrobiae;o__Verrucomicrobiales;f__Akkermansiaceae;g__Akkermansia;s__Akkermansia muciniphila_B,CRISPR,98.80,None
665_k141_90909_flag=0_multi=21.9699_len=30826,RS_GCF_002884975.1,d__Bacteria;p__Verrucomicrobiota;c__Verrucomicrobiae;o__Verrucomicrobiales;f__Akkermansiaceae;g__Akkermansia;s__Akkermansia muciniphila_C,CRISPR,98.10,None
665_k141_90909_flag=0_multi=21.9699_len=30826,RS_GCF_004167605.1,d__Bacteria;p__Verrucomicrobiota;c__Verrucomicrobiae;o__Verrucomicrobiales;f__Akkermansiaceae;g__Akkermansia;s__Akkermansia sp004167605,CRISPR,97.00,None
666_k79_137659_flag=0_multi=102.9700_len=136085_fragment_1,GB_GCA_900540705.1,d__Bacteria;p__Firmicutes;c__Bacilli;o__Acholeplasmatales;f__Anaeroplasmataceae;g__UMGS268;s__UMGS268 sp900540705,blast,93.90,iPHoP-RF;56.00
666_k79_169538_flag=0_multi=10.9419_len=25025,GB_GCA_009774055.1,d__Bacteria;p__Firmicutes_A;c__Clostridia;o__Oscillospirales;f__Oscillospiraceae;g__UMGS1872;s__UMGS1872 sp009774055,blast,91.90,iPHoP-RF;61.70
666_k79_169538_flag=0_multi=10.9419_len=25025,GB_GCA_900549475.1,d__Bacteria;p__Firmicutes_A;c__Clostridia;o__Oscillospirales;f__Oscillospiraceae;g__UMGS1872;s__UMGS1872 sp900549475,blast,91.70,iPHoP-RF;63.30
666_k79_169538_flag=0_multi=10.9419_len=25025,GB_GCA_900555795.1,d__Bacteria;p__Firmicutes_A;c__Clostridia;o__Oscillospirales;f__Oscillospiraceae;g__UMGS1872;s__UMGS1872 sp900555795,blast,90.20,iPHoP-RF;61.10
666_k79_195790_flag=0_multi=15.9647_len=36432,RS_GCF_009830285.1,d__Bacteria;p__Firmicutes_A;c__Clostridia;o__Lachnospirales;f__Lachnospiraceae;g__ASTD01;s__ASTD01 sp009830285,blast,92.10,iPHoP-RF;58.20
666_k79_195790_flag=0_multi=15.9647_len=36432,GB_GCA_009774585.1,d__Bacteria;p__Firmicutes_A;c__Clostridia;o__Lachnospirales;f__Lachnospiraceae;g__UBA3282;s__UBA3282 sp009774585,blast,90.30,iPHoP-RF;66.80
666_k79_200807_flag=0_multi=16.9645_len=60548_fragment_1,GB_GCA_000436535.1,d__Bacteria;p__Firmicutes_A;c__Clostridia;o__Lachnospirales;f__Lachnospiraceae;g__Lachnospira;s__Lachnospira sp000436535,CRISPR,98.40,None
666_k79_200807_flag=0_multi=16.9645_len=60548_fragment_1,GB_GCA_002394205.1,d__Bacteria;p__Firmicutes_A;c__Clostridia;o__Lachnospirales;f__Lachnospiraceae;g__Lachnospira;s__Lachnospira sp002394205,CRISPR,98.10,None
666_k79_200807_flag=0_multi=16.9645_len=60548_fragment_1,GB_GCA_900112995.1,d__Bacteria;p__Firmicutes_A;c__Clostridia;o__Lachnospirales;f__Lachnospiraceae;g__Lachnospira;s__Lachnospira rogosae_A,CRISPR,98.10,None
666_k79_200807_flag=0_multi=16.9645_len=60548_fragment_1,GB_GCA_000437735.1,d__Bacteria;p__Firmicutes_A;c__Clostridia;o__Lachnospirales;f__Lachnospiraceae;g__Lachnospira;s__Lachnospira sp000437735,CRISPR,96.80,None
666_k79_200807_flag=0_multi=16.9645_len=60548_fragment_1,RS_GCF_003612565.1,d__Bacteria;p__Firmicutes_A;c__Clostridia;o__Lachnospirales;f__Lachnospiraceae;g__1XD42-69;s__1XD42-69 sp003612565,blast,93.80,iPHoP-RF;68.60
666_k79_233443_flag=1_multi=9.0000_len=36337,GB_GCA_001689405.1,d__Bacteria;p__Bacteroidota;c__Bacteroidia;o__Bacteroidales;f__Muribaculaceae;g__Muribaculum;s__Muribaculum arabinoxylanisolvens,CRISPR,98.20,iPHoP-RF;69.10
666_k79_233443_flag=1_multi=9.0000_len=36337,RS_GCF_003671795.1,d__Bacteria;p__Bacteroidota;c__Bacteroidia;o__Bacteroidales;f__Muribaculaceae;g__Muribaculum;s__Muribaculum sp002358615,CRISPR,94.30,iPHoP-RF;66.80
666_k79_233443_flag=1_multi=9.0000_len=36337,RS_GCF_004570975.1,d__Bacteria;p__Bacteroidota;c__Bacteroidia;o__Bacteroidales;f__Muribaculaceae;g__Muribaculum;s__Muribaculum sp001701195,blast,93.60,iPHoP-RF;79.80
666_k79_233443_flag=1_multi=9.0000_len=36337,RS_GCF_003762615.1,d__Bacteria;p__Bacteroidota;c__Bacteroidia;o__Bacteroidales;f__Muribaculaceae;g__CAG-485;s__CAG-485 sp002493045,blast,92.90,iPHoP-RF;55.40
666_k79_233443_flag=1_multi=9.0000_len=36337,GB_GCA_002361215.1,d__Bacteria;p__Bacteroidota;c__Bacteroidia;o__Bacteroidales;f__Muribaculaceae;g__CAG-485;s__CAG-485 sp002361215,blast,91.00,iPHoP-RF;50.20
666_k79_242332_flag=0_multi=17.9970_len=48847,GB_GCA_009774625.1,d__Bacteria;p__Firmicutes_A;c__Clostridia;o__Lachnospirales;f__Lachnospiraceae;g__VSOB01;s__VSOB01 sp009774625,blast,91.80,iPHoP-RF;69.30
666_k79_244546_flag=0_multi=20.9869_len=99577_fragment_1,RS_GCF_000403495.2,d__Bacteria;p__Firmicutes_A;c__Clostridia;o__Lachnospirales;f__Lachnospiraceae;g__CAG-95;s__CAG-95 sp000403495,blast,92.80,iPHoP-RF;67.30
666_k79_244546_flag=0_multi=20.9869_len=99577_fragment_1,GB_GCA_002490775.1,d__Bacteria;p__Firmicutes_A;c__Clostridia;o__Lachnospirales;f__Lachnospiraceae;g__CAG-95;s__CAG-95 sp002490775,blast,90.80,None
666_k79_47661_flag=0_multi=11.8931_len=21152,RS_GCF_002884975.1,d__Bacteria;p__Verrucomicrobiota;c__Verrucomicrobiae;o__Verrucomicrobiales;f__Akkermansiaceae;g__Akkermansia;s__Akkermansia muciniphila_C,CRISPR,98.00,None
666_k79_47661_flag=0_multi=11.8931_len=21152,RS_GCF_002885095.1,d__Bacteria;p__Verrucomicrobiota;c__Verrucomicrobiae;o__Verrucomicrobiales;f__Akkermansiaceae;g__Akkermansia;s__Akkermansia muciniphila_B,CRISPR,98.00,None
666_k79_47661_flag=0_multi=11.8931_len=21152,RS_GCF_900184965.1,d__Bacteria;p__Verrucomicrobiota;c__Verrucomicrobiae;o__Verrucomicrobiales;f__Akkermansiaceae;g__Akkermansia;s__Akkermansia muciniphila_A,CRISPR,97.70,blast;96.70 iPHoP-RF;82.50
666_k79_47661_flag=0_multi=11.8931_len=21152,RS_GCF_000020225.1,d__Bacteria;p__Verrucomicrobiota;c__Verrucomicrobiae;o__Verrucomicrobiales;f__Akkermansiaceae;g__Akkermansia;s__Akkermansia muciniphila,CRISPR,96.70,blast;96.60 iPHoP-RF;81.90
666_k79_47661_flag=0_multi=11.8931_len=21152,RS_GCF_004167605.1,d__Bacteria;p__Verrucomicrobiota;c__Verrucomicrobiae;o__Verrucomicrobiales;f__Akkermansiaceae;g__Akkermansia;s__Akkermansia sp004167605,CRISPR,95.40,None
666_k79_89027_flag=0_multi=15.9913_len=67680,RS_GCF_000403215.1,d__Bacteria;p__Firmicutes_A;c__Clostridia;o__Lachnospirales;f__Lachnospiraceae;g__COE1;s__COE1 sp000403215,blast,94.60,iPHoP-RF;84.80
666_k79_89027_flag=0_multi=15.9913_len=67680,GB_GCA_009774395.1,d__Bacteria;p__Firmicutes_A;c__Clostridia;o__Lachnospirales;f__Lachnospiraceae;g__COE1;s__COE1 sp009774395,blast,93.30,iPHoP-RF;82.20
667_k79_172836_flag=0_multi=16.5047_len=133309_fragment_1,GB_GCA_900542505.1,d__Bacteria;p__Bacteroidota;c__Bacteroidia;o__Bacteroidales;f__Rikenellaceae;g__Alistipes;s__Alistipes sp900542505,iPHoP-RF,95.70,blast;89.80
667_k79_172836_flag=0_multi=16.5047_len=133309_fragment_1,RS_GCF_000210575.1,d__Bacteria;p__Bacteroidota;c__Bacteroidia;o__Bacteroidales;f__Rikenellaceae;g__Alistipes;s__Alistipes shahii,blast,93.80,iPHoP-RF;78.00
667_k79_172836_flag=0_multi=16.5047_len=133309_fragment_1,GB_GCA_000434235.1,d__Bacteria;p__Bacteroidota;c__Bacteroidia;o__Bacteroidales;f__Rikenellaceae;g__Alistipes;s__Alistipes sp000434235,iPHoP-RF,93.70,blast;89.10
667_k79_172836_flag=0_multi=16.5047_len=133309_fragment_1,RS_GCF_006542685.1,d__Bacteria;p__Bacteroidota;c__Bacteroidia;o__Bacteroidales;f__Rikenellaceae;g__Alistipes;s__Alistipes dispar,iPHoP-RF,92.80,blast;89.80
667_k79_172836_flag=0_multi=16.5047_len=133309_fragment_1,RS_GCF_902362705.1,d__Bacteria;p__Bacteroidota;c__Bacteroidia;o__Bacteroidales;f__Rikenellaceae;g__Alistipes;s__Alistipes sp002358415,blast,92.80,iPHoP-RF;78.30
667_k79_172836_flag=0_multi=16.5047_len=133309_fragment_1,GB_GCA_900541585.1,d__Bacteria;p__Bacteroidota;c__Bacteroidia;o__Bacteroidales;f__Rikenellaceae;g__Alistipes;s__Alistipes sp900541585,blast,92.00,iPHoP-RF;74.80
667_k79_172836_flag=0_multi=16.5047_len=133309_fragment_1,RS_GCF_000312145.1,d__Bacteria;p__Bacteroidota;c__Bacteroidia;o__Bacteroidales;f__Rikenellaceae;g__Alistipes;s__Alistipes senegalensis,blast,91.40,iPHoP-RF;72.60
667_k79_172836_flag=0_multi=16.5047_len=133309_fragment_1,RS_GCF_900107675.1,d__Bacteria;p__Bacteroidota;c__Bacteroidia;o__Bacteroidales;f__Rikenellaceae;g__Alistipes;s__Alistipes timonensis,blast,90.20,iPHoP-RF;69.30
667_k79_172836_flag=0_multi=16.5047_len=133309_fragment_1,GB_GCA_902388705.1,d__Bacteria;p__Bacteroidota;c__Bacteroidia;o__Bacteroidales;f__Rikenellaceae;g__Alistipes;s__Alistipes sp902388705,blast,90.10,iPHoP-RF;69.10
667_k79_172836_flag=0_multi=16.5047_len=133309_fragment_1,RS_GCF_900083545.1,d__Bacteria;p__Bacteroidota;c__Bacteroidia;o__Bacteroidales;f__Rikenellaceae;g__Alistipes;s__Alistipes provencensis,blast,90.00,iPHoP-RF;70.60
667_k79_215130_flag=1_multi=10.0000_len=27286,GB_GCA_001917125.1,d__Bacteria;p__Proteobacteria;c__Alphaproteobacteria;o__RF32;f__CAG-239;g__CAG-495;s__CAG-495 sp001917125,blast,95.60,iPHoP-RF;62.20
667_k79_215130_flag=1_multi=10.0000_len=27286,3300005460_60,d__Bacteria;p__Proteobacteria;c__Alphaproteobacteria;o__RF32;f__CAG-239;g__CAG-495;s__,blast,91.90,None
667_k79_230293_flag=0_multi=32.4753_len=7310,RS_GCF_011959405.1,d__Bacteria;p__Bacteroidota;c__Bacteroidia;o__Bacteroidales;f__Muribaculaceae;g__UBA3263;s__UBA3263 sp001689615,blast,93.90,iPHoP-RF;76.80
667_k79_230293_flag=0_multi=32.4753_len=7310,GB_GCA_009775375.1,d__Bacteria;p__Bacteroidota;c__Bacteroidia;o__Bacteroidales;f__Muribaculaceae;g__CAG-485;s__CAG-485 sp009775375,blast,90.10,iPHoP-RF;72.40
667_k79_231589_flag=1_multi=41.5359_len=62530,GB_GCA_002372775.1,d__Bacteria;p__Firmicutes_A;c__Clostridia_A;o__Christensenellales;f__UBA3700;g__UBA3700;s__UBA3700 sp002372775,blast,91.80,iPHoP-RF;50.40
667_k79_276781_flag=1_multi=14.0000_len=27003,RS_GCF_003612565.1,d__Bacteria;p__Firmicutes_A;c__Clostridia;o__Lachnospirales;f__Lachnospiraceae;g__1XD42-69;s__1XD42-69 sp003612565,blast,92.40,iPHoP-RF;70.40
667_k79_294625_flag=0_multi=26.9486_len=36915,RS_GCF_000364165.1,d__Bacteria;p__Firmicutes_A;c__Clostridia;o__Lachnospirales;f__Anaerotignaceae;g__ASF356;s__ASF356 sp000364165,blast,94.90,iPHoP-RF;54.10
667_k79_50847_flag=0_multi=31.9963_len=167348,RS_GCF_000403315.2,d__Bacteria;p__Firmicutes_A;c__Clostridia;o__Lachnospirales;f__Lachnospiraceae;g__14-2;s__14-2 sp000403315,blast,93.50,iPHoP-RF;61.10
667_k79_73867_flag=1_multi=7.0000_len=4510,RS_GCF_900248245.1,d__Bacteria;p__Firmicutes_A;c__Clostridia;o__Lachnospirales;f__Lachnospiraceae;g__Acetatifactor;s__Acetatifactor muris,blast,93.40,iPHoP-RF;61.70
667_k79_83711_flag=0_multi=12.4520_len=19829,RS_GCF_000364165.1,d__Bacteria;p__Firmicutes_A;c__Clostridia;o__Lachnospirales;f__Anaerotignaceae;g__ASF356;s__ASF356 sp000364165,blast,94.60,iPHoP-RF;63.80
668_k79_126535_flag=0_multi=15.9907_len=32501,RS_GCF_009917545.1,d__Bacteria;p__Firmicutes_A;c__Clostridia;o__Lachnospirales;f__Lachnospiraceae;g__CAG-81;s__CAG-81 sp009917545,blast,92.30,iPHoP-RF;68.60
668_k79_241552_flag=1_multi=13.9734_len=46303,RS_GCF_004102805.1,d__Bacteria;p__Bacteroidota;c__Bacteroidia;o__Bacteroidales;f__Muribaculaceae;g__UBA7173;s__UBA7173 sp004102805,blast,93.70,iPHoP-RF;75.90
668_k79_241552_flag=1_multi=13.9734_len=46303,3300029297_24,d__Bacteria;p__Bacteroidota;c__Bacteroidia;o__Bacteroidales;f__Muribaculaceae;g__CAG-873;s__,blast,91.60,None
668_k79_241552_flag=1_multi=13.9734_len=46303,GB_GCA_001689485.1,d__Bacteria;p__Bacteroidota;c__Bacteroidia;o__Bacteroidales;f__Muribaculaceae;g__UBA7173;s__UBA7173 sp001689485,blast,90.90,iPHoP-RF;60.10
668_k79_244165_flag=0_multi=59.8349_len=40916,RS_GCF_001564455.1,d__Bacteria;p__Firmicutes;c__Bacilli;o__Erysipelotrichales;f__Erysipelotrichaceae;g__Faecalibaculum;s__Faecalibaculum rodentium,blast,92.30,None
668_k79_254376_flag=0_multi=9.9449_len=23657,GB_GCA_009774395.1,d__Bacteria;p__Firmicutes_A;c__Clostridia;o__Lachnospirales;f__Lachnospiraceae;g__COE1;s__COE1 sp009774395,blast,91.20,iPHoP-RF;63.30
668_k79_259905_flag=3_multi=14.0018_len=7777,RS_GCF_002950215.1,d__Bacteria;p__Proteobacteria;c__Gammaproteobacteria;o__Enterobacterales;f__Enterobacteriaceae;g__Escherichia;s__Escherichia flexneri,blast,96.00,iPHoP-RF;93.70
668_k79_259905_flag=3_multi=14.0018_len=7777,RS_GCF_003697165.2,d__Bacteria;p__Proteobacteria;c__Gammaproteobacteria;o__Enterobacterales;f__Enterobacteriaceae;g__Escherichia;s__Escherichia coli,blast,93.80,iPHoP-RF;92.40
668_k79_259905_flag=3_multi=14.0018_len=7777,RS_GCF_002949675.1,d__Bacteria;p__Proteobacteria;c__Gammaproteobacteria;o__Enterobacterales;f__Enterobacteriaceae;g__Escherichia;s__Escherichia dysenteriae,iPHoP-RF,93.10,None
668_k79_259905_flag=3_multi=14.0018_len=7777,GB_GCA_003018335.1,d__Bacteria;p__Proteobacteria;c__Gammaproteobacteria;o__Enterobacterales;f__Enterobacteriaceae;g__Escherichia;s__Escherichia coli_C,iPHoP-RF,92.80,None
668_k79_259905_flag=3_multi=14.0018_len=7777,RS_GCF_002900365.1,d__Bacteria;p__Proteobacteria;c__Gammaproteobacteria;o__Enterobacterales;f__Enterobacteriaceae;g__Escherichia;s__Escherichia marmotae,iPHoP-RF,92.80,None
668_k79_259905_flag=3_multi=14.0018_len=7777,RS_GCF_005843885.1,d__Bacteria;p__Proteobacteria;c__Gammaproteobacteria;o__Enterobacterales;f__Enterobacteriaceae;g__Escherichia;s__Escherichia sp005843885,iPHoP-RF,92.80,None
668_k79_259905_flag=3_multi=14.0018_len=7777,RS_GCF_000006945.2,d__Bacteria;p__Proteobacteria;c__Gammaproteobacteria;o__Enterobacterales;f__Enterobacteriaceae;g__Salmonella;s__Salmonella enterica,iPHoP-RF,92.40,blast;91.80
668_k79_259905_flag=3_multi=14.0018_len=7777,RS_GCF_900478215.1,d__Bacteria;p__Proteobacteria;c__Gammaproteobacteria;o__Enterobacterales;f__Enterobacteriaceae;g__Salmonella;s__Salmonella houtenae,iPHoP-RF,91.40,None
668_k79_259905_flag=3_multi=14.0018_len=7777,RS_GCF_000252995.1,d__Bacteria;p__Proteobacteria;c__Gammaproteobacteria;o__Enterobacterales;f__Enterobacteriaceae;g__Salmonella;s__Salmonella bongori,iPHoP-RF,90.50,None
668_k79_259905_flag=3_multi=14.0018_len=7777,RS_GCF_901472495.1,d__Bacteria;p__Proteobacteria;c__Gammaproteobacteria;o__Enterobacterales;f__Enterobacteriaceae;g__Yersinia;s__Yersinia enterocolitica,blast,90.00,iPHoP-RF;73.20
668_k79_32388_flag=1_multi=32.4916_len=36598,RS_GCF_000741295.1,d__Bacteria;p__Actinobacteriota;c__Actinomycetia;o__Actinomycetales;f__Bifidobacteriaceae;g__Bifidobacterium;s__Bifidobacterium globosum,CRISPR,98.90,blast;95.20 iPHoP-RF;88.20
668_k79_32388_flag=1_multi=32.4916_len=36598,RS_GCF_000771225.1,d__Bacteria;p__Actinobacteriota;c__Actinomycetia;o__Actinomycetales;f__Bifidobacteriaceae;g__Bifidobacterium;s__Bifidobacterium pseudolongum,CRISPR,98.90,iPHoP-RF;77.50
668_k79_32388_flag=1_multi=32.4916_len=36598,RS_GCF_000741205.1,d__Bacteria;p__Actinobacteriota;c__Actinomycetia;o__Actinomycetales;f__Bifidobacteriaceae;g__Bifidobacterium;s__Bifidobacterium gallicum,CRISPR,98.80,None
668_k79_32388_flag=1_multi=32.4916_len=36598,RS_GCF_010667615.1,d__Bacteria;p__Actinobacteriota;c__Actinomycetia;o__Actinomycetales;f__Bifidobacteriaceae;g__Bifidobacterium;s__Bifidobacterium sp010667615,CRISPR,98.60,iPHoP-RF;72.20
668_k79_32388_flag=1_multi=32.4916_len=36598,RS_GCF_000260715.1,d__Bacteria;p__Actinobacteriota;c__Actinomycetia;o__Actinomycetales;f__Bifidobacteriaceae;g__Bifidobacterium;s__Bifidobacterium animalis,CRISPR,98.50,None
668_k79_32388_flag=1_multi=32.4916_len=36598,RS_GCF_002259685.1,d__Bacteria;p__Actinobacteriota;c__Actinomycetia;o__Actinomycetales;f__Bifidobacteriaceae;g__Bifidobacterium;s__Bifidobacterium eulemuris,CRISPR,98.30,iPHoP-RF;96.70
668_k79_32388_flag=1_multi=32.4916_len=36598,RS_GCF_001042635.1,d__Bacteria;p__Actinobacteriota;c__Actinomycetia;o__Actinomycetales;f__Bifidobacteriaceae;g__Bifidobacterium;s__Bifidobacterium scardovii,CRISPR,98.20,iPHoP-RF;95.10 blast;90.10
668_k79_32388_flag=1_multi=32.4916_len=36598,RS_GCF_002860345.1,d__Bacteria;p__Actinobacteriota;c__Actinomycetia;o__Actinomycetales;f__Bifidobacteriaceae;g__Bifidobacterium;s__Bifidobacterium anseris,CRISPR,96.80,iPHoP-RF;54.60
668_k79_32388_flag=1_multi=32.4916_len=36598,RS_GCF_001895165.1,d__Bacteria;p__Actinobacteriota;c__Actinomycetia;o__Actinomycetales;f__Bifidobacteriaceae;g__Bifidobacterium;s__Bifidobacterium lemurum,iPHoP-RF,96.10,None
668_k79_32388_flag=1_multi=32.4916_len=36598,RS_GCF_001025175.1,d__Bacteria;p__Actinobacteriota;c__Actinomycetia;o__Actinomycetales;f__Bifidobacteriaceae;g__Bifidobacterium;s__Bifidobacterium breve,CRISPR,96.00,iPHoP-RF;86.30
668_k79_32388_flag=1_multi=32.4916_len=36598,RS_GCF_000800455.1,d__Bacteria;p__Actinobacteriota;c__Actinomycetia;o__Actinomycetales;f__Bifidobacteriaceae;g__Bifidobacterium;s__Bifidobacterium kashiwanohense_A,iPHoP-RF,95.70,None
668_k79_32388_flag=1_multi=32.4916_len=36598,RS_GCF_001025195.1,d__Bacteria;p__Actinobacteriota;c__Actinomycetia;o__Actinomycetales;f__Bifidobacteriaceae;g__Bifidobacterium;s__Bifidobacterium catenulatum,iPHoP-RF,95.70,None
668_k79_32388_flag=1_multi=32.4916_len=36598,RS_GCF_001025215.1,d__Bacteria;p__Actinobacteriota;c__Actinomycetia;o__Actinomycetales;f__Bifidobacteriaceae;g__Bifidobacterium;s__Bifidobacterium pseudocatenulatum,iPHoP-RF,95.70,blast;90.90
668_k79_32388_flag=1_multi=32.4916_len=36598,RS_GCF_001042615.1,d__Bacteria;p__Actinobacteriota;c__Actinomycetia;o__Actinomycetales;f__Bifidobacteriaceae;g__Bifidobacterium;s__Bifidobacterium kashiwanohense,iPHoP-RF,95.70,None
668_k79_32388_flag=1_multi=32.4916_len=36598,RS_GCF_009299505.1,d__Bacteria;p__Actinobacteriota;c__Actinomycetia;o__Actinomycetales;f__Bifidobacteriaceae;g__Bifidobacterium;s__Bifidobacterium ramosum,iPHoP-RF,95.70,None
668_k79_32388_flag=1_multi=32.4916_len=36598,RS_GCF_000010425.1,d__Bacteria;p__Actinobacteriota;c__Actinomycetia;o__Actinomycetales;f__Bifidobacteriaceae;g__Bifidobacterium;s__Bifidobacterium adolescentis,iPHoP-RF,95.40,CRISPR;88.40
668_k79_32388_flag=1_multi=32.4916_len=36598,RS_GCF_000770925.1,d__Bacteria;p__Actinobacteriota;c__Actinomycetia;o__Actinomycetales;f__Bifidobacteriaceae;g__Bifidobacterium;s__Bifidobacterium ruminantium,iPHoP-RF,95.40,None
668_k79_32388_flag=1_multi=32.4916_len=36598,GB_GCA_002451435.1,d__Bacteria;p__Actinobacteriota;c__Actinomycetia;o__Actinomycetales;f__Bifidobacteriaceae;g__Bifidobacterium;s__Bifidobacterium sp002451435,iPHoP-RF,95.10,None
668_k79_32388_flag=1_multi=32.4916_len=36598,RS_GCF_010667645.1,d__Bacteria;p__Actinobacteriota;c__Actinomycetia;o__Actinomycetales;f__Bifidobacteriaceae;g__Bifidobacterium;s__Bifidobacterium sp010667645,iPHoP-RF,94.70,None
668_k79_32388_flag=1_multi=32.4916_len=36598,RS_GCF_012932425.1,d__Bacteria;p__Actinobacteriota;c__Actinomycetia;o__Actinomycetales;f__Bifidobacteriaceae;g__Bifidobacterium;s__Bifidobacterium sp012932425,iPHoP-RF,94.10,None
668_k79_32388_flag=1_multi=32.4916_len=36598,RS_GCF_000741165.1,d__Bacteria;p__Actinobacteriota;c__Actinomycetia;o__Actinomycetales;f__Bifidobacteriaceae;g__Bifidobacterium;s__Bifidobacterium biavatii,iPHoP-RF,93.70,None
668_k79_32388_flag=1_multi=32.4916_len=36598,RS_GCF_000741215.1,d__Bacteria;p__Actinobacteriota;c__Actinomycetia;o__Actinomycetales;f__Bifidobacteriaceae;g__Bifidobacterium;s__Bifidobacterium gallinarum,iPHoP-RF,93.70,None
668_k79_32388_flag=1_multi=32.4916_len=36598,RS_GCF_000741175.1,d__Bacteria;p__Actinobacteriota;c__Actinomycetia;o__Actinomycetales;f__Bifidobacteriaceae;g__Bifidobacterium;s__Bifidobacterium callitrichos,iPHoP-RF,93.10,None
668_k79_32388_flag=1_multi=32.4916_len=36598,RS_GCF_000771405.1,d__Bacteria;p__Actinobacteriota;c__Actinomycetia;o__Actinomycetales;f__Bifidobacteriaceae;g__Bifidobacterium;s__Bifidobacterium pullorum,iPHoP-RF,93.10,None
668_k79_32388_flag=1_multi=32.4916_len=36598,RS_GCF_000196555.1,d__Bacteria;p__Actinobacteriota;c__Actinomycetia;o__Actinomycetales;f__Bifidobacteriaceae;g__Bifidobacterium;s__Bifidobacterium longum,iPHoP-RF,92.80,blast;89.60
668_k79_32388_flag=1_multi=32.4916_len=36598,RS_GCF_008698235.1,d__Bacteria;p__Actinobacteriota;c__Actinomycetia;o__Actinomycetales;f__Bifidobacteriaceae;g__Bifidobacterium;s__Bifidobacterium rousetti,iPHoP-RF,92.80,None
668_k79_32388_flag=1_multi=32.4916_len=36598,RS_GCF_004155535.1,d__Bacteria;p__Actinobacteriota;c__Actinomycetia;o__Actinomycetales;f__Bifidobacteriaceae;g__Bifidobacterium;s__Bifidobacterium pseudolongum_C,blast,91.30,iPHoP-RF;83.60
668_k79_32388_flag=1_multi=32.4916_len=36598,RS_GCF_000771265.1,d__Bacteria;p__Actinobacteriota;c__Actinomycetia;o__Actinomycetales;f__Bifidobacteriaceae;g__Bifidobacterium;s__Bifidobacterium thermophilum,iPHoP-RF,90.10,None
668_k79_54431_flag=0_multi=12.9589_len=28406,RS_GCF_000403215.1,d__Bacteria;p__Firmicutes_A;c__Clostridia;o__Lachnospirales;f__Lachnospiraceae;g__COE1;s__COE1 sp000403215,blast,94.90,iPHoP-RF;59.50
668_k79_54431_flag=0_multi=12.9589_len=28406,GB_GCA_009774345.1,d__Bacteria;p__Firmicutes_A;c__Clostridia;o__Lachnospirales;f__Lachnospiraceae;g__COE1;s__COE1 sp009774345,blast,92.50,iPHoP-RF;70.90
668_k79_54431_flag=0_multi=12.9589_len=28406,GB_GCA_009774245.1,d__Bacteria;p__Firmicutes_A;c__Clostridia;o__Lachnospirales;f__Lachnospiraceae;g__COE1;s__COE1 sp009774245,blast,90.70,iPHoP-RF;64.30
668_k79_74238_flag=1_multi=10.0000_len=29117,GB_GCA_001689405.1,d__Bacteria;p__Bacteroidota;c__Bacteroidia;o__Bacteroidales;f__Muribaculaceae;g__Muribaculum;s__Muribaculum arabinoxylanisolvens,CRISPR,97.60,iPHoP-RF;72.60
668_k79_74238_flag=1_multi=10.0000_len=29117,RS_GCF_003671795.1,d__Bacteria;p__Bacteroidota;c__Bacteroidia;o__Bacteroidales;f__Muribaculaceae;g__Muribaculum;s__Muribaculum sp002358615,CRISPR,96.80,iPHoP-RF;79.80
668_k79_74238_flag=1_multi=10.0000_len=29117,RS_GCF_003762615.1,d__Bacteria;p__Bacteroidota;c__Bacteroidia;o__Bacteroidales;f__Muribaculaceae;g__CAG-485;s__CAG-485 sp002493045,blast,95.50,iPHoP-RF;60.90
668_k79_74238_flag=1_multi=10.0000_len=29117,RS_GCF_004570975.1,d__Bacteria;p__Bacteroidota;c__Bacteroidia;o__Bacteroidales;f__Muribaculaceae;g__Muribaculum;s__Muribaculum sp001701195,blast,91.40,iPHoP-RF;87.00
668_k79_79148_flag=0_multi=24.8721_len=188294_fragment_1,RS_GCF_000312145.1,d__Bacteria;p__Bacteroidota;c__Bacteroidia;o__Bacteroidales;f__Rikenellaceae;g__Alistipes;s__Alistipes senegalensis,blast,91.90,iPHoP-RF;72.40
668_k79_79148_flag=0_multi=24.8721_len=188294_fragment_1,RS_GCF_000154465.1,d__Bacteria;p__Bacteroidota;c__Bacteroidia;o__Bacteroidales;f__Rikenellaceae;g__Alistipes;s__Alistipes putredinis,blast,91.70,iPHoP-RF;73.20
668_k79_79148_flag=0_multi=24.8721_len=188294_fragment_1,GB_GCA_002428825.1,d__Bacteria;p__Bacteroidota;c__Bacteroidia;o__Bacteroidales;f__Rikenellaceae;g__Alistipes;s__Alistipes sp002428825,blast,90.70,iPHoP-RF;55.40
668_k79_79148_flag=0_multi=24.8721_len=188294_fragment_1,GB_GCA_003979135.1,d__Bacteria;p__Bacteroidota;c__Bacteroidia;o__Bacteroidales;f__Rikenellaceae;g__Alistipes;s__Alistipes sp003979135,blast,90.10,iPHoP-RF;51.70
668_k79_79148_flag=0_multi=24.8721_len=188294_fragment_1,RS_GCF_000265365.1,d__Bacteria;p__Bacteroidota;c__Bacteroidia;o__Bacteroidales;f__Rikenellaceae;g__Alistipes;s__Alistipes finegoldii,blast,90.10,iPHoP-RF;60.60
668_k79_79148_flag=0_multi=24.8721_len=188294_fragment_1,GB_GCA_009774895.1,d__Bacteria;p__Bacteroidota;c__Bacteroidia;o__Bacteroidales;f__Rikenellaceae;g__Alistipes;s__Alistipes sp009774895,blast,90.00,iPHoP-RF;77.80
669_k79_100653_flag=1_multi=12.0000_len=31477,RS_GCF_005121165.1,d__Bacteria;p__Firmicutes_A;c__Clostridia;o__Oscillospirales;f__Oscillospiraceae;g__Dysosmobacter;s__Dysosmobacter welbionis,blast,93.30,iPHoP-RF;72.20
669_k79_100653_flag=1_multi=12.0000_len=31477,RS_GCF_900755895.1,d__Bacteria;p__Firmicutes_A;c__Clostridia;o__Oscillospirales;f__Acutalibacteraceae;g__Acutalibacter;s__Acutalibacter sp900755895,blast,90.20,None
669_k79_10617_flag=0_multi=109.5232_len=22710,GB_GCA_009774215.1,d__Bacteria;p__Firmicutes_A;c__Clostridia;o__Lachnospirales;f__Lachnospiraceae;g__UBA3282;s__UBA3282 sp009774215,blast,92.20,iPHoP-RF;81.40
669_k79_10617_flag=0_multi=109.5232_len=22710,3300015207_7,d__Bacteria;p__Firmicutes_A;c__Clostridia;o__Lachnospirales;f__Lachnospiraceae;g__UBA3282;s__,blast,92.10,iPHoP-RF;81.40
669_k79_112168_flag=0_multi=90.1358_len=37772,RS_GCF_000403455.2,d__Bacteria;p__Firmicutes_A;c__Clostridia;o__Lachnospirales;f__Lachnospiraceae;g__ASTD01;s__ASTD01 sp000403455,blast,92.80,None
669_k79_13623_flag=0_multi=30.9810_len=63386,RS_GCF_000403315.2,d__Bacteria;p__Firmicutes_A;c__Clostridia;o__Lachnospirales;f__Lachnospiraceae;g__14-2;s__14-2 sp000403315,blast,91.40,iPHoP-RF;81.60
669_k79_13623_flag=0_multi=30.9810_len=63386,GB_GCA_902788645.1,d__Bacteria;p__Firmicutes_A;c__Clostridia;o__Lachnospirales;f__Lachnospiraceae;g__TF01-11;s__TF01-11 sp902788645,blast,90.90,iPHoP-RF;78.50
669_k79_162938_flag=1_multi=7.4327_len=3851,RS_GCF_900248245.1,d__Bacteria;p__Firmicutes_A;c__Clostridia;o__Lachnospirales;f__Lachnospiraceae;g__Acetatifactor;s__Acetatifactor muris,blast,93.50,iPHoP-RF;54.90
669_k79_164906_flag=0_multi=12.1801_len=57496,RS_GCF_002933955.1,d__Bacteria;p__Bacteroidota;c__Bacteroidia;o__Bacteroidales;f__Bacteroidaceae;g__Prevotellamassilia;s__Prevotellamassilia sp002933955,blast,93.70,None
669_k79_164906_flag=0_multi=12.1801_len=57496,RS_GCF_003762615.1,d__Bacteria;p__Bacteroidota;c__Bacteroidia;o__Bacteroidales;f__Muribaculaceae;g__CAG-485;s__CAG-485 sp002493045,blast,90.40,None
669_k79_230953_flag=1_multi=24.9488_len=19254,RS_GCF_009917485.1,d__Bacteria;p__Firmicutes_A;c__Clostridia;o__Lachnospirales;f__Lachnospiraceae;g__CAG-95;s__CAG-95 sp009917485,blast,93.40,None
669_k79_230953_flag=1_multi=24.9488_len=19254,RS_GCF_009911035.1,d__Bacteria;p__Firmicutes_A;c__Clostridia;o__Lachnospirales;f__Lachnospiraceae;g__CAG-95;s__CAG-95 sp009911035,blast,91.70,iPHoP-RF;59.50
669_k79_287007_flag=0_multi=45.4726_len=41114,RS_GCF_004793665.1,d__Bacteria;p__Actinobacteriota;c__Coriobacteriia;o__Coriobacteriales;f__Atopobiaceae;g__NM07-P-09;s__NM07-P-09 sp004793665,blast,95.90,None
669_k79_308866_flag=0_multi=171.0000_len=29094,RS_GCF_000403315.2,d__Bacteria;p__Firmicutes_A;c__Clostridia;o__Lachnospirales;f__Lachnospiraceae;g__14-2;s__14-2 sp000403315,blast,93.40,iPHoP-RF;81.90
669_k79_308866_flag=0_multi=171.0000_len=29094,RS_GCF_000403845.2,d__Bacteria;p__Firmicutes_A;c__Clostridia;o__Lachnospirales;f__Lachnospiraceae;g__14-2;s__14-2 sp000403845,blast,92.10,iPHoP-RF;68.60
669_k79_345236_flag=1_multi=11.9488_len=18573,RS_GCF_004803915.1,d__Bacteria;p__Bacteroidota;c__Bacteroidia;o__Bacteroidales;f__Muribaculaceae;g__Duncaniella;s__Duncaniella dubosii,blast,93.80,None
669_k79_345236_flag=1_multi=11.9488_len=18573,RS_GCF_004803695.1,d__Bacteria;p__Bacteroidota;c__Bacteroidia;o__Bacteroidales;f__Muribaculaceae;g__Muribaculum;s__Muribaculum sp002492595,blast,90.20,iPHoP-RF;62.70
